supervisor_id,supervisor_name,paper_id,title,abstract,year,scholar_url,author_lookup_mode,authors,venue,doi,source_url,source_title,source_type,selection_bucket,identity_verified,identity_evidence,search_model,searched_at
s9,Michael Parkes,doi:10.1021/acs.jpcc.5c02495,Ice Nucleation Properties of Aluminum Surfaces,"The nucleation of ice from supercooled water droplets plays a critical role across various technological sectors including aviation, power transmission, shipping and space flight. Despite its importance, the fundamental mechanisms of water freezing on surfaces remain poorly understood. In this study, we investigate the freezing behavior of supercooled droplets on several aluminum alloys (1050, 5083, 5251, 6060 and 6082) using our custom-designed IceBox instrument. Our findings show that all aluminum surfaces exhibit moderate ice-nucleating capabilities. High levels of surface oxidation and magnesium content lead to higher average ice-nucleation temperatures, and rough surfaces generally promote ice formation more effectively than polished ones. An exception is the freshly polished 1050 alloy, the softest and purest aluminum examined, where micrometer-scale ""pit"" features appear to initiate ice nucleation. After surface aging, the 5251 alloy displays the highest ice-nucleating ability, while the 6082 alloy shows the lowest. Overall, our results highlight the importance of considering the interplay between surface roughness, specific defects and alloy composition when aiming to reduce ice formation on aluminum surfaces.",2025,,opencode_plaintext_search,"Carlotta E. A. Blamey-Beccaria, Michael A. Parkes, Jinjie Li, Christoph G. Salzmann",The Journal of Physical Chemistry C,10.1021/acs.jpcc.5c02495,https://doi.org/10.1021/acs.jpcc.5c02495,Ice Nucleation Properties of Aluminum Surfaces,online search result,latest:5,true,"Matched using the UCL name, department, role, email, and homepage supplied in the search prompt.",opencode/nemotron-3-ultra-free,2026-06-23T20:52:26.173673+00:00
s9,Michael Parkes,doi:10.1016/j.matdes.2025.113681,Additive metal printing on multi materials using an atmospheric pressure plasma jet on a 5-Axis platform,"Post-production embellishment of objects with metal tracks presents challenges, due to the need for multiple processing steps and the complexity of navigating intricate substrate geometries. Here we describe a flexible approach to deposit conducting metal tracks on 3D objects using an atmospheric pressure plasma jet (APPJ). APPJs offer distinct advantages over traditional inkjet printing methods as they do not require metal particle inks or post-processing. An in-house-built APPJ print head was mounted onto a 5-axis platform to demonstrate metal printing on multifaceted metal, ceramic and glass complex objects. We use finite element modelling of the flow characteristics at the jet nozzle exit to understand and predict the track deposition. The modelling was corroborated through Schlieren imaging of the gas flow as well as chemical and physical characterisation of the resulting deposited track. Conductive metallic tracks of 0.3 mm widths were deposited on non-planar surfaces with one pass at a rate of 1 mm/s, using simple aqueous metal salts with an average plasma power of 10 W. Our findings reveal conductivity, adhesion strength and precision which present a benefit for additive manufacturing.",2025,,opencode_plaintext_search,"Oliver S. J. Hagger, Michael A. Parkes, Francis Lockwood Estrin, Stefanos Agrotis, Ivan P. Parkin, Albertus D. Handoko, Daren J. Caruana",Materials & Design,10.1016/j.matdes.2025.113681,https://discovery.ucl.ac.uk/id/eprint/10204291,Additive metal printing on multi materials using an atmospheric pressure plasma jet on a 5-Axis platform,online search result,latest:5,true,"Matched using the UCL name, department, role, email, and homepage supplied in the search prompt.",opencode/nemotron-3-ultra-free,2026-06-23T20:52:26.173673+00:00
s9,Michael Parkes,doi:10.1039/d4cp02504k,A multiphoton ionisation photoelectron imaging study of thiophene,"Thiophene is a prototype for the excited state photophysics that lies at the heart of many technologies within the field of organic electronics. Here, we report a multiphoton ionisation photoelectron imaging study of gas-phase thiophene using a range of photon energies to excite transitions from the ground electronic state to the first two electronically excited singlet states, from the onset of absorption to the absorption maximum. Analysis of the photoelectron spectra and angular distributions reveal features arising from direct photoionisation from the ground electronic state, and resonance-enhanced photoionisation via the electronically excited singlet states. The first two ionisation energies from the ground electronic state were confirmed to be 8.8 eV (adiabatic) and 9.6 eV (vertical). The ionisation energies from the first two electronically excited singlet states were found to be 3.7 eV (adiabatic) and 4.4 eV (vertical).",2024,,opencode_plaintext_search,"Joseph J. Broughton, Sarbani Patra, Michael A. Parkes, Graham A. Worth, Helen H. Fielding",Physical Chemistry Chemical Physics,10.1039/d4cp02504k,https://discovery.ucl.ac.uk/id/eprint/10197751,A multiphoton ionisation photoelectron imaging study of thiophene,online search result,latest:5,true,"Matched using the UCL name, department, role, email, and homepage supplied in the search prompt.",opencode/nemotron-3-ultra-free,2026-06-23T20:52:26.173673+00:00
s9,Michael Parkes,doi:10.1021/jacs.4c01543,Direct Observation of a Roaming Intermediate and Its Dynamics,"Chemical reactions are often characterized by their transition state, which defines the critical geometry the molecule must pass through to move from reactants to products. Roaming provides an alternative picture, where in a dissociation reaction, the bond breaking is frustrated and a loosely bound intermediate is formed. Following bond breaking, the two partners are seen to roam around each other at distances of several Ångstroms, forming a loosely bound, and structurally ill-defined, intermediate that can subsequently lead to reactive or unreactive collisions. Here, we present a direct and time-resolved experimental measurement of roaming. By measuring the photoelectron spectrum of UV-excited acetaldehyde with a femtosecond extreme ultraviolet pulse, we captured spectral signatures of all of the key reactive structures, including that of the roaming intermediate. This provided a direct experimental measurement of the roaming process and allowed us to identify the time scales by which the roaming intermediate is formed and removed and the electronic potential surfaces upon which roaming proceeds.",2024,,opencode_plaintext_search,"Grite L. Abma, Michael A. Parkes, Weronika O. Razmus, Yu Zhang, Adam S. Wyatt, Emma Springate, Richard T. Chapman, Daniel A. Horke, Russell S. Minns",Journal of the American Chemical Society,10.1021/jacs.4c01543,https://discovery.ucl.ac.uk/id/eprint/10191908,Direct Observation of a Roaming Intermediate and Its Dynamics,online search result,latest:5,true,"Matched using the UCL name, department, role, email, and homepage supplied in the search prompt.",opencode/nemotron-3-ultra-free,2026-06-23T20:52:26.173673+00:00
s9,Michael Parkes,doi:10.1021/acs.jpclett.4c00768,Preparation of Tautomer-Pure Molecular Beams by Electrostatic Deflection,"Tautomers are ubiquitous throughout chemistry and typically considered inseparable in solution. Yet (bio)chemical activity is highly tautomer-specific, with common examples being the amino and nucleic acids. While tautomers exist in an equilibrium in solution, in the cold environment of a molecular beam the barrier to tautomerization is typically much too high for interconversion, and tautomers can be considered separate species. Here we demonstrate the first separation of tautomers within a molecular beam and the production of tautomerically pure gas-phase samples. We show this for the 2-pyridone/2-hydroxypyridine system, an important structural motif in both uracil and cytosine. Spatial separation of the tautomers is achieved via electrostatic deflection in strong inhomogeneous fields. We furthermore collect tautomer-resolved photoelectron spectra using femtosecond multiphoton ionization. This paves the way for studying the structure–function–dynamic relationship on the level of individual tautomers, using approaches that typically lack the resolution to do so, such as ultrafast dynamics experiments.",2024,,opencode_plaintext_search,"Grite L. Abma, Michael A. Parkes, Daniel A. Horke",The Journal of Physical Chemistry Letters,10.1021/acs.jpclett.4c00768,https://discovery.ucl.ac.uk/id/eprint/10191736,Preparation of Tautomer-Pure Molecular Beams by Electrostatic Deflection,online search result,latest:5,true,"Matched using the UCL name, department, role, email, and homepage supplied in the search prompt.",opencode/nemotron-3-ultra-free,2026-06-23T20:52:26.173673+00:00
s12,Frank Smith,doi:10.1098/rspa.2023.0688,Melting of wall-mounted ice in shear flow,"The melting of wall-mounted ice deep inside a water layer flow is investigated, the ice being initially in the form of a slender hump or step-up and the oncoming water upstream near the wall being warmer than the ice. The wall is at the same temperature as the oncoming water except beneath the ice where the wall temperature is the same as that of the ice. The unsteady interaction of the flow, heat transfer and phase change is studied analytically and computationally for a basic pure-ice model in two spatial dimensions at high flow rates. In-flow predictions of ice-shape evolution are presented along with the complete melting times and the vanishing points where melting is completed on the solid surface. This is for a range of initial conditions and background heat transfers. The unsteady movement of the contact points at the edges of the ice formation is determined explicitly for the cases of humps and steps, together with the ultimate behaviours of both the ice humps and the ice steps. Effects of reducing the sub-ice wall temperature and accretion leading to flow separation are also discussed.",2024,,opencode_plaintext_search,"Jolley, Ellen; Dang, TD; Smith, Frank","Proceedings of the Royal Society A: Mathematical, Physical and Engineering Sciences",10.1098/rspa.2023.0688,https://discovery.ucl.ac.uk/id/eprint/10188808/,Melting of wall-mounted ice in shear flow,online search result,latest:5,true,"Matched using the UCL name, department, role, email, and homepage supplied in the search prompt.",opencode/nemotron-3-ultra-free,2026-06-23T21:13:56.395090+00:00
s12,Frank Smith,doi:10.1007/s00162-023-00684-9,Fluid flow past a freely moving body in a straight or distorted channel,"The focus here is on a thin solid body passing through a channel flow and interacting with the flow. Unsteady two-dimensional interactive properties from modelling, analysis and computation are presented along with comparisons. These include the effects of a finite dilation or constriction, as the body travels through, and the effects of a continuing expansion of the vessel. Finite-time clashing of the body with the channel walls is investigated as well as the means to avoid clashing. Sustained oscillations are found to be possible. Wake properties behind the body are obtained, and broad agreement in trends between full-system and reduced-system responses is found for increased body mass.",2024,,opencode_plaintext_search,"Yazar, S; Liu, Q; Smith, FT",Theoretical and Computational Fluid Dynamics,10.1007/s00162-023-00684-9,https://discovery.ucl.ac.uk/id/eprint/10186461/,Fluid flow past a freely moving body in a straight or distorted channel,online search result,latest:5,true,"Matched using the UCL name, department, role, email, and homepage supplied in the search prompt.",opencode/nemotron-3-ultra-free,2026-06-23T21:13:56.395090+00:00
s12,Frank Smith,doi:10.1063/5.0145552,"Interactions between a heavy particle, air, and a layer of liquid","As an aircraft flies through cloud at temperatures below freezing, it encounters ice particles and supercooled droplets which results in the accretion of ice onto its surfaces and hence deformation of its aerodynamic shape. This can, in worst cases, cause series accidents. Here, we focus on tackling the common situation where there is a thin layer of water on the aircraft surface and the particles are similarly thin such as to be able to interact with the water layer. Three-way interaction occurs between air, water and body motion: under suitable assumptions (including that the Reynolds and Froude numbers are large, and that the body is much denser than the air) the model allows the shape of the layer interface and pressure profile beneath the body to be calculated for a given body position. Simultaneously, this in turn allows the forces on the body to be calculated and hence the motion of the particle to be computed in full. The result is a wide range of possible motions of the particle, including both 'sink' cases (the particle enters the water and becomes submerged) and 'skim' cases (where the particle is launched back off the surface of the water following contact). The latter cases have analogy with traditional 'stone skimming/skipping' games. Repeated skims and significant wakes are accommodated rationally.",2023,,opencode_plaintext_search,"Jolley, Ellen; Smith, Frank",Physics of Fluids,10.1063/5.0145552,https://discovery.ucl.ac.uk/id/eprint/10167916/,"Interactions between a heavy particle, air, and a layer of liquid",online search result,latest:5,true,"Matched using the UCL name, department, role, email, and homepage supplied in the search prompt.",opencode/nemotron-3-ultra-free,2026-06-23T21:13:56.395090+00:00
s12,Frank Smith,doi:10.1017/jfm.2023.527,On the flow past ellipses in a Hele-Shaw cell,"n this work we investigate the effect of vertical confinement and inertia on the flow past thin ellipses in a Hele-Shaw cell (with centre line velocity Uc and height 2 h ) with different aspect ratios for symmetrical flows and at an angle of attack, using asymptotic methods and numerical simulations. A Stokes region is identified at the ellipse vertices which results in flow different to flow past bluff bodies. Comparison with asymptotic analysis indicates close agreement over the 'flat' portion of the ellipse, for δ=(b/a)=0.05 , where a and b are the semi-major and -minor ellipse axes, respectively. Two flow conditions are investigated for ellipses at an angle of attack of 10 ∘ for a fixed δ=0.05 . Firstly, for Λ=(Uca/ν)(h/a)2≪1 , the effect of increasing the vertical confinement of the Hele-Shaw cell results in the rear stagnation point (RSP) moving from close to the potential-flow prediction when ϵ=h/a is very small to the two-dimensional Stokes-flow prediction when ϵ is large. Secondly, for a fixed ϵ≪1 , when inertia is increased past Λ=O(ϵ) the RSP moves towards the trailing edge and is located there for Λ=O(1) . Under these conditions an attached exponentially decaying shear layer or 'viscous tail' is formed. A modified Bernoulli equation of the depth-averaged flow, together with the Kutta–Joukowski theorem is used to predict the drag and lift coefficients on the ellipse, which include a linear and a nonlinear contribution, corresponding to a Hele-Shaw and circulation component, respectively. Close agreement is found up to Λ=O(1) .",2023,,opencode_plaintext_search,"Klettner, CA; Dang, TD; Smith, FT",Journal of Fluid Mechanics,10.1017/jfm.2023.527,https://discovery.ucl.ac.uk/id/eprint/10177333/,On the flow past ellipses in a Hele-Shaw cell,online search result,latest:5,true,"Matched using the UCL name, department, role, email, and homepage supplied in the search prompt.",opencode/nemotron-3-ultra-free,2026-06-23T21:13:56.395090+00:00
s12,Frank Smith,doi:10.1098/rspa.2022.0311,The role of body shape and mass in skimming on water,"Over many years, there has been great practical interest in how solid bodies interact with and skim on liquid layers. In the present investigation, the focus is on the important role of body mass and shape in such skimming motions. Considering a thin two-dimensional solid body that impacts obliquely and then rebounds on a shallow inviscid water layer, we develop a mathematical model to predict quantitatively the duration and evolution of the body and fluid motions and indeed the success or failure of the whole skim. In the current setting, the shallow water layer thickness is small relative to the representative body length. The combined roles of increased mass and shape are found to be crucial, governed by a similarity solution. The relationship C ∼ M2/3 between scaled body curvature and mass is identified and highlighted. In particular, increased convex curvature of the underbody is found to alter the interactive pressure in such a way that it inhibits the occurrence of a super-elastic response in the exit vertical velocity and height of the body, and in effect enables a much heavier body to skim successfully provided the above relationship is maintained.",2023,,opencode_plaintext_search,"Palmer, RA; Smith, FT","Proceedings of the Royal Society A: Mathematical, Physical and Engineering Sciences",10.1098/rspa.2022.0311,https://discovery.ucl.ac.uk/id/eprint/10163295/,The role of body shape and mass in skimming on water,online search result,latest:5,true,"Matched using the UCL name, department, role, email, and homepage supplied in the search prompt.",opencode/nemotron-3-ultra-free,2026-06-23T21:13:56.395090+00:00
s15,Kjell Erlandsson,doi:10.1109/NSS/MIC44845.2022.10398953,Optimization of a Stationary Tomographic MBI System Including Non-Local Means Filtering,"A novel stationary tomographic Molecular Breast Imaging (MBI) system is currently under development, with the aim of obtaining high image-quality with low dose and short scanning time. The system is based on dual opposing CZT detector arrays and multi-pinhole collimators. We have recently modified the iterative image reconstruction procedure by incorporating a novel relaxation scheme, in order to make the image contrast and noise properties more uniform throughout the field-of-view. In addition, we have introduced a post-reconstruction image denoising step based on the non-local means (NLM) filter. In view of the significant effect that these steps had on the image quality, we performed a new system parameter optimization. The parameters investigated were pinhole size, opening angle and separation, as well as the number of reconstruction iterations and the degree-of-smoothing parameter of the NLM filter. The optimization was performed based on simulated data, by maximizing the contrast-to-noise ratio (CNR) in the images. We found that the optimal system parameters were not so different with the new data processing steps as compared to previous results, while the CNR was improved by a factor > 3.",2024,,opencode_plaintext_search,"Erlandsson, K; Wirth, A; Thielemans, K; Baistow, I; Cherlin, A; Hutton, BF","2022 IEEE NSS/MIC RTSD - IEEE Nuclear Science Symposium, Medical Imaging Conference and Room Temperature Semiconductor Detector Conference",10.1109/NSS/MIC44845.2022.10398953,https://discovery.ucl.ac.uk/id/eprint/10189344/,Optimization of a Stationary Tomographic MBI System Including Non-Local Means Filtering,online search result,latest:5,true,"Matched using the UCL name, department, role, email, and homepage supplied in the search prompt.",opencode/nemotron-3-ultra-free,2026-06-23T21:31:30.469820+00:00
s15,Kjell Erlandsson,doi:10.1109/TRPMS.2023.3287639,Challenges in Acquiring Clinical Simultaneous SPECT-MRI on a PET-MRI Scanner,"The INSERT is the world's first clinical SPECT-MRI brain imaging system based on scintillation detectors with a SiPM readout. Here we demonstrate its use within a clinical MRI environment for the first time. Using a standard transmit-receive head coil, and with an appropriate selection of a custom MRI sequence (GRE), we overcome mutual interference. The INSERT and its bulky 50 kg tungsten collimator introduce magnetic field inhomogeneity. Due to the specific MRI-compatible collimator design, inhomogeneity is compensated by shimming, leading to simultaneous acquisition. We process the SPECT data acquired alongside the MRI sequence to evaluate the SPECT system performance and the impact of the MRI. Finally, we present a set of simultaneous SPECT-MRI acquisitions, demonstrating multimodal imaging capabilities, albeit with a limited MRI sequence.",2023,,opencode_plaintext_search,"Morahan, Ashley J; D'Adda, Ilenia; Erlandsson, Kjell; Carminati, Marco; Rega, Marilena; Walls, Darren; Fiorini, Carlo; Hutton, Brian F",IEEE Transactions on Radiation and Plasma Medical Sciences,10.1109/TRPMS.2023.3287639,https://discovery.ucl.ac.uk/id/eprint/10172655/,Challenges in Acquiring Clinical Simultaneous SPECT-MRI on a PET-MRI Scanner,online search result,latest:5,true,"Matched using the UCL name, department, role, email, and homepage supplied in the search prompt.",opencode/nemotron-3-ultra-free,2026-06-23T21:31:30.469820+00:00
s15,Kjell Erlandsson,doi:10.1109/NSS/MIC44867.2021.9875682,Challenges in Optimization of a Stationary Tomographic Molecular Breast Imaging System,"A prototype Molecular Breast Imaging (MBI) system is currently under development, motivated by the need of a practical low-dose system for use in patients with dense breast tissue, where conventional mammography is limited. The system is based on dual opposing CZT detector arrays and multi-pinhole collimators which allow for multiplexing in the projection data. We have performed optimization of various design parameters based on either contrast-to-noise ratio (CNR) in the reconstructed images or area under the localization receiver operating characteristics curve (LROC-AUC) obtained using the scan statistic model. The optimizations were based on simulated data, and the parameters investigated were pinhole size and opening angle, pinhole separation and collimator-to-detector separation. The two optimization approaches resulted in similar design parameters, allowing for reconstruction of tomographic images with high CNR and lesion detectability, which can lead to a reduced dose or scan time as compared to planar MBI.",2022,,opencode_plaintext_search,"Erlandsson, K; Wirth, A; Thielemans, K; Baistow, I; Cherlin, A; Hutton, BF",Proceedings of the 2021 IEEE Nuclear Science Symposium and Medical Imaging Conference (NSS/MIC),10.1109/NSS/MIC44867.2021.9875682,https://discovery.ucl.ac.uk/id/eprint/10158294/,Challenges in Optimization of a Stationary Tomographic Molecular Breast Imaging System,online search result,latest:5,true,"Matched using the UCL name, department, role, email, and homepage supplied in the search prompt.",opencode/nemotron-3-ultra-free,2026-06-23T21:31:30.469820+00:00
s15,Kjell Erlandsson,doi:10.1109/NSS/MIC44867.2021.9875672,Towards Accurate Partial Volume Correction - Perturbation for SPECT Resolution Estimation,"The accuracy of quantitative SPECT imaging is limited by the Partial Volume Effect as a result of the relatively poor spatial resolution. There is currently no consensus on the optimal Partial Volume Correction (PVC) algorithm in the application of SPECT oncology imaging. Several promising candidates require information on the reconstructed resolution - usually in the form of the Point Spread Function (PSF). A particular challenge that SPECT poses for PVC is that the resolution is known to vary with position in the field-of-view, as well as with activity distribution and reconstruction method. In this work, we assessed the potential benefit of using perturbation to measure case-specific resolution for PVC. A small point source was used to measure the resolution in phantoms designed to replicate the issues encountered in oncology imaging, including anthropomorphic phantoms which had not previously been examined in perturbation applications. Results demonstrate that, provided that a sufficient number of iterations is used for image reconstruction, perturbation can be used to measure a case-specific PSF. When PVC is applied with this case-specific PSF, quantitative accuracy is improved compared with no correction or applying PVC with an inappropriate PSF.",2022,,opencode_plaintext_search,"Gillen, R; Erlandsson, K; Denis-Bacelar, AM; Thielemans, K; Hutton, BF; McQuaid, S",Proceedings 2021 IEEE Nuclear Science Symposium and Medical Imaging Conference (NSS/MIC),10.1109/NSS/MIC44867.2021.9875672,https://discovery.ucl.ac.uk/id/eprint/10158291/,Towards Accurate Partial Volume Correction - Perturbation for SPECT Resolution Estimation,online search result,latest:5,true,"Matched using the UCL name, department, role, email, and homepage supplied in the search prompt.",opencode/nemotron-3-ultra-free,2026-06-23T21:31:30.469820+00:00
s15,Kjell Erlandsson,doi:10.1109/NSS/MIC44867.2021.9875833,Implications of the Partial Ring Design for a Clinical SPECT Insert,The INSERT system is a stationary SPECT insert designed for clinical SPECT/MRI. The system has been evaluated as a standalone SPECT scanner and here the image reconstruction is evaluated to determine the implications of its design. A two-step image acquisition can be implemented to overcome the limitations of the partial ring design. The image quality and activity linearity are evaluated through a set of point sources and vials of varying activity concentration. The evaluation highlighted areas where image reconstruction and data processing needed to improve before proceeding to simultaneous SPECT/MRI acquisitions. We have shown that the proposed dual acquisition method can produce improved image quality through the use of modified data acquisition and reconstruction protocols.,2022,,opencode_plaintext_search,"Morahan, A; Erlandsson, K; Dickson, J; D'Adda, I; Carminati, M; Fiorini, C; Hutton, BF",2021 IEEE Nuclear Science Symposium and Medical Imaging Conference (NSS/MIC),10.1109/NSS/MIC44867.2021.9875833,https://discovery.ucl.ac.uk/id/eprint/10158372/,Implications of the Partial Ring Design for a Clinical SPECT Insert,online search result,latest:5,true,"Matched using the UCL name, department, role, email, and homepage supplied in the search prompt.",opencode/nemotron-3-ultra-free,2026-06-23T21:31:30.469820+00:00
s26,Nikos Konstantinidis,doi:10.1515/zna-2025-0349,Magnetic field-induced degenerate ground state in the classical antiferromagnetic XX model on the icosahedron,"The ground state of the classical antiferromagnetic XX model in a magnetic field is calculated for spins mounted on the vertices of the icosahedron. The magnetization is characterized by two discontinuities as a function of the external field. For a wide field range above the first discontinuity the ground state is degenerate, with two spins related by spatial inversion aligned with the field and the rest forming two magnetization units in the form of pentagons. It is shown that the degeneracy originates from the coupling of the two pentagons, which introduces the triangle, associated with ground-state degeneracy, as an interaction unit in the icosahedron. The magnetization discontinuities are shown to evolve first from the coupling of isolated triangles and then from the coupling of the two spins related by spatial inversion.",2026,,opencode_plaintext_search,N. P. Konstantinidis,"Zeitschrift für Naturforschung A, 81(4), 279-288",10.1515/zna-2025-0349,https://arxiv.org/abs/2511.06004,Magnetic field-induced degenerate ground state in the classical antiferromagnetic XX model on the icosahedron,online search result,latest:5,true,"Matched using the UCL name, department, role, email, and homepage supplied in the search prompt.",opencode/nemotron-3-ultra-free,2026-06-23T21:59:00.879083+00:00
s26,Nikos Konstantinidis,doi:10.48550/arXiv.2505.09934,Local variations of the magnetization effected by an external field in molecular rings,"It is shown that an external magnetic field generates local variations of the classical ground-state magnetization in molecular rings of antiferromagnetic icosahedra with isotropic spin interactions. The magnetic response is characterized by a multitude of magnetization discontinuities occurring across the ring. In addition, a parity effect with respect to the number of icosahedra allows for magnetization jumps that occur at different field values for different molecules and produce an even more pronounced local variation of the magnetization. It is also found that for specific field ranges all canting angles of the molecular magnetizations increase with the field. These findings are in sharp contrast with the ones for rings of individual spins.",2025,,opencode_plaintext_search,N. P. Konstantinidis,arXiv preprint,10.48550/arXiv.2505.09934,https://arxiv.org/abs/2505.09934,Local variations of the magnetization effected by an external field in molecular rings,online search result,latest:5,true,"Matched using the UCL name, department, role, email, and homepage supplied in the search prompt.",opencode/nemotron-3-ultra-free,2026-06-23T21:59:00.879083+00:00
s26,Nikos Konstantinidis,doi:10.1016/j.jmmm.2025.173061,Origin of the classical magnetization discontinuities of the dodecahedron,"The classical antiferromagnetic Heisenberg model on the dodecahedron has been shown to have three magnetization discontinuities in an external field. Here it is shown that the highest-field discontinuity can be directly traced back to the strong magnetization jump leading to saturation at the Ising limit, which originates from the magnetic response of an isolated pentagon and the frustrated connectivity of the dodecahedron. This discontinuity survives up to the XY limit and disappears shortly before the ferromagnetic Ising interaction fully polarizes the spins. The two lower-field jumps of the model result from the competition of discontinuities that emerge from the magnetization plateau surviving away from the Ising limit.",2025,,opencode_plaintext_search,N. P. Konstantinidis,"Journal of Magnetism and Magnetic Materials, 627(1), 173061",10.1016/j.jmmm.2025.173061,https://arxiv.org/abs/2311.17205,Origin of the classical magnetization discontinuities of the dodecahedron,online search result,latest:5,true,"Matched using the UCL name, department, role, email, and homepage supplied in the search prompt.",opencode/nemotron-3-ultra-free,2026-06-23T21:59:00.879083+00:00
s26,Nikos Konstantinidis,doi:10.21468/SciPostPhys.15.1.037,ΔSz=2 quantum magnetization discontinuities proportional in number to the spin s in C60: Origin and the role of symmetry,The quantum antiferromagnetic Heisenberg model on the fullerene C60 in a magnetic field has 4s ground-state magnetization discontinuities with ΔSz = 2 as a function of the spin quantum number s that disappear at the classical limit. The molecule can be seen as the fullerene C20 with interpentagon interactions that generate the discontinuities when sufficiently strong. The discontinuities originate from the antiferromagnetic Ising limit for both molecules. The results show how spatial symmetry dictates the magnetic response of the Ih fullerene molecules.,2023,,opencode_plaintext_search,N. P. Konstantinidis,"SciPost Physics, 15(1), 037",10.21468/SciPostPhys.15.1.037,https://scipost.org/SciPostPhys.15.1.037,ΔSz=2 quantum magnetization discontinuities proportional in number to the spin s in C60: Origin and the role of symmetry,online search result,latest:5,true,"Matched using the UCL name, department, role, email, and homepage supplied in the search prompt.",opencode/nemotron-3-ultra-free,2026-06-23T21:59:00.879083+00:00
s26,Nikos Konstantinidis,doi:DOI: 10.21468/SciPostPhysCore.6.2.042,Competition between frustration and spin dimensionality in the classical antiferromagnetic n-vector model with arbitrary n,A new method to characterize the strength of magnetic frustration is proposed by calculating the minimum dimensionality of the absolute ground states of the classical nearest-neighbor antiferromagnetic n-vector model with arbitrary n. Platonic solids in three and four dimensions and Archimedean solids have lowest-energy configurations in a number of spin dimensions equal to their real-space dimensionality. Fullerene molecules and geodesic icosahedra can produce ground states in as many as five spin dimensions. Frustration is also characterized by the maximum value of the ground-state energy when the exchange interactions are allowed to vary.,2023,,opencode_plaintext_search,N. P. Konstantinidis,"SciPost Physics Core, 6(2), 042",DOI: 10.21468/SciPostPhysCore.6.2.042,https://scipost.org/SciPostPhysCore.6.2.042,Competition between frustration and spin dimensionality in the classical antiferromagnetic n-vector model with arbitrary n,online search result,latest:5,true,"Matched using the UCL name, department, role, email, and homepage supplied in the search prompt.",opencode/nemotron-3-ultra-free,2026-06-23T21:59:00.879083+00:00
s27,William Woof,doi:10.1101/2025.07.03.25330767,Quantification of Optical Coherence Tomography Features in >3500 Patients with Inherited Retinal Disease Reveals Novel Genotype-Phenotype Associations,"Purpose: To quantify spectral-domain optical coherence tomography (SD-OCT) images cross-sectionally and longitudinally in a large cohort of molecularly characterized patients with inherited retinal disease (IRDs) from the UK. Design: Retrospective study of imaging data. Participants: Patients with a clinical and molecularly confirmed diagnosis of IRD who have undergone macular SD-OCT imaging at Moorfields Eye Hospital (MEH) between 2011 and 2019. We retrospectively identified 4,240 IRD patients from the MEH database (198 distinct IRD genes), including 69,664 SD-OCT macular volumes. Methods: Eight features of interest were defined: retina, fovea, intraretinal cystic spaces (ICS), subretinal fluid (SRF), subretinal hyper-reflective material (SHRM), pigment epithelium detachment (PED), ellipsoid zone loss (EZ-loss) and retinal pigment epithelium loss (RPE-loss). Manual annotations of five b-scans per SD-OCT volume was performed for the retinal features by four graders based on a defined grading protocol. A total of 1,749 b-scans from 360 SD-OCT volumes across 275 patients were annotated for the eight retinal features for training and testing of a neural-network-based segmentation model, AIRDetect-OCT, which was then applied to the entire imaging dataset. Main Outcome Measures: Performance of AIRDetect-OCT, comparing to inter-grader agreement was evaluated using Dice score on a held-out dataset. Feature prevalence, volume and area were analysed cross-sectionally and longitudinally. Results: The inter-grader Dice score for manual segmentation was ≥90% for retina, ICS, SRF, SHRM and PED, >77% for both EZ-loss and RPE-loss. Model-grader agreement was >80% for segmentation of retina, ICS, SRF, SHRM, and PED, and >68% for both EZ-loss and RPE-loss. AIRDetect-OCT enables large-scale OCT feature quantification in IRD patients uncovering cross-sectional and longitudinal phenotype correlations with demographic and genotypic parameters. Conclusions: AIRDetect-OCT, a novel deep learning algorithm, enables large-scale OCT feature quantification in IRD patients uncovering cross-sectional and longitudinal phenotype correlations with demographic and genotypic parameters.",2025,https://scholar.google.com/citations?user=WyYFEpUAAAAJ&hl=en&oi=ao,opencode_plaintext_search,"Woof W, de Guimarães TAC, Al-Khuzaei S, Varela MD, Shah M, Naik G, Sen S, Bagga P, Mendes B, Chan YW, Lin S, Ghoshal B, Liefers B, Fu DJ, Georgiou M, da Silva AS, Nguyen Q, Liu Y, Sumodhee D, Fujinami-Yokokawa Y, Patel PJ, Furman J, Moghul I, Moosajee M, Sallum J, De Silva SR, Lorenz B, Herrmann P, Holz FG, Fujinami K, Webster AR, Mahroo OA, Downes SM, Madhusuhan S, Balaskas K, Michaelides M, Pontikos N",medRxiv (preprint),10.1101/2025.07.03.25330767,https://doi.org/10.1101/2025.07.03.25330767,Quantification of Optical Coherence Tomography Features in >3500 Patients with Inherited Retinal Disease Reveals Novel Genotype-Phenotype Associations,online search result,latest:5,true,"Matched using the UCL name, department, role, email, and homepage supplied in the search prompt.",opencode/nemotron-3-ultra-free,2026-06-23T22:05:33.802265+00:00
s27,William Woof,doi:10.1038/s42256-025-01040-8,Next-generation phenotyping of inherited retinal diseases from multimodal imaging with Eye2Gene,"Rare eye diseases such as inherited retinal diseases (IRDs) are challenging to diagnose genetically. IRDs are typically monogenic disorders and represent a leading cause of blindness in children and working-age adults worldwide. A growing number are now being targeted in clinical trials, with approved treatments increasingly available. However, access requires a genetic diagnosis to be established sufficiently early. Critically, the timely identification of a genetic cause remains challenging. We demonstrate that a deep learning algorithm, Eye2Gene, trained on a large multimodal imaging dataset of individuals with IRDs (n = 2,451) and externally validated on data provided by five different clinical centres, provides better-than-expert-level top-five accuracy of 83.9% for supporting genetic diagnosis for the 63 most common genetic causes. We demonstrate that Eye2Gene's next-generation phenotyping can increase diagnostic yield by improving screening for IRDs, phenotype-driven variant prioritization and automatic similarity matching in phenotypic space to identify new genes. Eye2Gene is accessible online (app.eye2gene.com) for research purposes.",2025,https://scholar.google.com/citations?user=WyYFEpUAAAAJ&hl=en&oi=ao,opencode_plaintext_search,"Pontikos N, Woof WA, Lin S, Ghoshal B, Mendes BS, Veturi A, Nguyen Q, Javanmardi B, Georgiou M, Hustinx A, Ibarra-Arellano MA, Moghul I, Liu Y, Pfau K, Pfau M, Shah M, Yu J, Al-Khuzaei S, Wagner SK, Daich Varela M, Cabral de Guimarães TA, Sen S, Naik G, Sumodhee D, Fu DJ, Kabiri N, Furman J, Liefers B, Lee AY, De Silva SR, Marques C, Motta F, Fujinami-Yokokawa Y, Hardcastle AJ, Arno G, Lorenz B, Herrmann P, Fujinami K, Sallum J, Madhusudhan S, Downes SM, Holz FG, Balaskas K, Webster AR, Mahroo OA, Krawitz PM, Michaelides M",Nature Machine Intelligence,10.1038/s42256-025-01040-8,https://www.nature.com/articles/s42256-025-01040-8,Next-generation phenotyping of inherited retinal diseases from multimodal imaging with Eye2Gene,online search result,latest:5,true,"Matched using the UCL name, department, role, email, and homepage supplied in the search prompt.",opencode/nemotron-3-ultra-free,2026-06-23T22:05:33.802265+00:00
s27,William Woof,doi:10.1002/ajmg.a.64118,Perspectives on the Current and Future State of Artificial Intelligence in Medical Genetics,"Artificial intelligence (AI) is rapidly transforming numerous aspects of daily life, including clinical practice and biomedical research. In light of this rapid transformation, and in the context of medical genetics, we assembled a group of leaders in the field to respond to the question about how AI is affecting, and especially how AI will affect, medical genetics. The authors who contributed to this collection of essays intentionally represent different areas of expertise, career stages, and geographies, and include diverse types of clinicians, computer scientists, and researchers. The individual pieces cover a wide range of areas related to medical genetics; we expect that these pieces may provide helpful windows into the ways in which AI is being actively studied, used, and considered in medical genetics.",2025,https://scholar.google.com/citations?user=WyYFEpUAAAAJ&hl=en&oi=ao,opencode_plaintext_search,"Solomon BD, Cheatham M, de Guimarães TAC, Duong D, Haendel MA, Hsieh TC, Javanmardi B, Johnson B, Krawitz P, Kruszka P, Laurent T, Lee NC, McWalter K, Michaelides M, Mohnike K, Pontikos N, Guillen Sacoto MJ, Shwetar YJ, Ustach VD, Waikel RL, Woof W",American Journal of Medical Genetics Part A,10.1002/ajmg.a.64118,https://onlinelibrary.wiley.com/doi/10.1002/ajmg.a.64118,Perspectives on the Current and Future State of Artificial Intelligence in Medical Genetics,online search result,latest:5,true,"Matched using the UCL name, department, role, email, and homepage supplied in the search prompt.",opencode/nemotron-3-ultra-free,2026-06-23T22:05:33.802265+00:00
s27,William Woof,doi:10.1136/bjo-2024-327074,Inherited retinal disease pathway in the UK: a patient perspective and the potential of AI,"Inherited retinal diseases (IRDs) are the leading cause of blindness in young people in the UK. Despite significant improvements in genomics medicine, the diagnosis of these conditions remains challenging, and around 40% do not receive a definite genetic diagnosis after extensive genetic testing. This survey aims to investigate the experience of individuals affected by IRDs, their relatives, friends and caregivers, focusing on their care and diagnostic journey. Additionally, it explores the potential acceptability of artificial intelligence (AI) technologies, such as Eye2Gene, that predict causative genes from retinal images of patients with IRDs. Methods: This cross-sectional survey included Likert scale and open-ended questions and was distributed electronically using the Qualtrics platform between April and August 2024. The survey included questions on respondent demographics; their journey to receive specialist care and genetic testing; their information needs and their attitude towards AI-augmented diagnosis. Descriptive statistics and content analysis were used to interpret the survey responses. Results: The survey had 247 responses, of which 242 were analysed after removing four duplicates and one without consent; 80.2% were patients and the remainder were relatives, friends or caregivers. There was substantial variability in patient diagnostic journeys in terms of waiting times to see a specialist (IQR, 1–4 years), commute required (IQR, 10–74 miles) and number of visits to reach a diagnosis (IQR, 2–4). A substantial proportion of patients (35.8%) had a change in diagnosis. The majority of respondents (>90%) were overwhelmingly in favour of the integration of AI into the IRD pathway to accelerate genetic diagnosis and improve care. Conclusion: This survey identifies several key gaps and disparities in the IRD care pathway which may potentially be bridged with AI. The survey also reveals a favourable attitude towards incorporating AI into diagnostic testing of IRDs.",2025,https://scholar.google.com/citations?user=WyYFEpUAAAAJ&hl=en&oi=ao,opencode_plaintext_search,"Wong W, Sumodhee D, Morris T, Tailor B, Hollyhead C, Woof WA, Archer S, Veal C, Lobo L, Al-Khuzaei S, Daich Varela M, De Guimaraes TAC, Gomes M, Shah M, Downes SM, Madhusudhan S, Mahroo OA, Webster AR, Michaelides M, Pontikos N",British Journal of Ophthalmology,10.1136/bjo-2024-327074,https://bjo.bmj.com/content/109/11/1266,Inherited retinal disease pathway in the UK: a patient perspective and the potential of AI,online search result,latest:5,true,"Matched using the UCL name, department, role, email, and homepage supplied in the search prompt.",opencode/nemotron-3-ultra-free,2026-06-23T22:05:33.802265+00:00
s27,William Woof,doi:10.1016/j.xops.2024.100652,Quantification of Fundus Autofluorescence Features in a Molecularly Characterized Cohort of >3500 Patients with Inherited Retinal Disease from the United Kingdom,"Purpose: To quantify relevant fundus autofluorescence (FAF) features cross-sectionally and longitudinally in a large cohort of patients with inherited retinal diseases (IRDs). Design: Retrospective study of imaging data. Participants: Patients with a clinical and molecularly confirmed diagnosis of IRD who have undergone 55° FAF imaging at Moorfields Eye Hospital (MEH) and the Royal Liverpool Hospital between 2004 and 2019. Methods: Five FAF features of interest were defined: vessels, optic disc, perimacular ring of increased signal (ring), relative hypo-autofluorescence (hypo-AF), and hyper-autofluorescence (hyper-AF). Features were manually annotated by 6 graders in a subset of patients based on a defined grading protocol to produce segmentation masks to train an artificial intelligence model, AIRDetect, which was then applied to the entire imaging data set. Main Outcome Measures: Quantitative FAF features, including area and vessel metrics, were analyzed cross-sectionally by gene and age, and longitudinally. AIRDetect feature segmentation and detection were validated with Dice score and precision/recall, respectively. Results: A total of 45,749 FAF images from 3,606 patients with IRD from MEH covering 170 genes were automatically segmented using AIRDetect. Model-grader Dice scores for the disc, hypo-AF, hyper-AF, ring, and vessels were, respectively, 0.86, 0.72, 0.69, 0.68, and 0.65. Across patients at presentation, the 5 genes with the largest hypo-AF areas were CHM, ABCC6, RDH12, ABCA4, and RPE65, with mean per-patient areas of 43.72, 29.57, 20.07, 19.65, and 16.96 mm². Longitudinal analysis revealed significant progression of hypo-AF and hyper-AF areas over time, with progression rates varying by gene.",2025,https://scholar.google.com/citations?user=WyYFEpUAAAAJ&hl=en&oi=ao,opencode_plaintext_search,"Woof WA, de Guimarães TAC, Al-Khuzaei S, Daich Varela M, Sen S, Bagga P, Mendes B, Shah M, Burke P, Parry D, Lin S, Naik G, Ghoshal B, Liefers BJ, Fu DJ, Georgiou M, Nguyen Q, Sousa da Silva A, Liu Y, Fujinami-Yokokawa Y, Sumodhee D, Patel P, Furman J, Moghul I, Moosajee M, Sallum J, De Silva SR, Lorenz B, Holz FG, Fujinami K, Webster AR, Mahroo OA, Downes SM, Madhusudhan S, Balaskas K, Michaelides M, Pontikos N",Ophthalmology Science,10.1016/j.xops.2024.100652,https://www.sciencedirect.com/science/article/pii/S266691452400188X,Quantification of Fundus Autofluorescence Features in a Molecularly Characterized Cohort of >3500 Patients with Inherited Retinal Disease from the United Kingdom,online search result,latest:5,true,"Matched using the UCL name, department, role, email, and homepage supplied in the search prompt.",opencode/nemotron-3-ultra-free,2026-06-23T22:05:33.802265+00:00
s28,Tony Lynas-Gray,doi:10.1016/j.jqsrt.2024.109083,The 2024 release of the ExoMol database: Molecular line lists for exoplanet and other hot atmospheres,"The ExoMol database (www.exomol.com) provides molecular data for spectroscopic studies of hot atmospheres. These data are widely used to model atmospheres of exoplanets, cool stars and other astronomical objects, as well as a variety of terrestrial applications. The 2024 data release reports the current status of the database which contains recommended line lists for 91 molecules and 224 isotopologues giving a total of almost 1012 individual transitions. New features of the database include extensive ""MARVELization"" of line lists to allow them to be used for high resolutions studies, extension of several line lists to ultraviolet wavelengths, provision of photodissociation cross-sections and extended provision of broadening parameters. Some of the in-house data specifications have been rewritten in JSON and moved for conformity with other international standards. Data products, including specific heats, a database of lifetimes for plasma studies, and the ExoMolHR web app which allows exclusively high resolution data to be extracted, are discussed.",2024,,opencode_plaintext_search,"Tennyson, Jonathan; Yurchenko, Sergei N; Zhang, Jingxin; Bowesman, Charles A; Brady, Ryan P; Buldyreva, Jeanna; Chubb, Katy L; Gamache, Robert R; Gorman, Maire N; Guest, Elizabeth R; Hill, Christian; Kefala, Kyriaki; Lynas-Gray, AE; Mellor, Thomas M; McKemmish, Laura K; Mitev, Georgi B; Mizus, Irina I; Owens, Alec; Peng, Zhijian; Perri, Armando N; Pezzella, Marco; Polyansky, Oleg L; Qu, Qianwei; Semenov, Mikhail; Smola, Oleksiy; Solokov, Andrei; Somogyi, Wilfrid; Upadhyay, Apoorva; Wright, Samuel OM; Zobov, Nikolai F",Journal of Quantitative Spectroscopy and Radiative Transfer,10.1016/j.jqsrt.2024.109083,https://discovery.ucl.ac.uk/id/eprint/10197197/,The 2024 release of the ExoMol database: Molecular line lists for exoplanet and other hot atmospheres,online search result,latest:5,true,"Matched using the UCL name, department, role, email, and homepage supplied in the search prompt.",opencode/nemotron-3-ultra-free,2026-06-23T22:11:59.086899+00:00
s28,Tony Lynas-Gray,doi:10.3390/atoms10020036,Hannelore Emmi Saraph (1936–2020): Her Life in Atomic Physics,"Hannelore Emmi Saraph was an atomic physicist based at University College London. During the early part of her career, Hannelore's work was devoted to the study of electron collisions with atoms and ions. Later on, Hannelore made contributions to the Opacity Project and Iron Project.",2022,,opencode_plaintext_search,"Peach, Gillian; Lynas-Gray, Anthony Eugene; Mendoza, Claudio; Taylor, Kenneth T; Tennyson, Jonathan",Atoms,10.3390/atoms10020036,https://discovery.ucl.ac.uk/id/eprint/10146957/,Hannelore Emmi Saraph (1936–2020): Her Life in Atomic Physics,online search result,latest:5,true,"Matched using the UCL name, department, role, email, and homepage supplied in the search prompt.",opencode/nemotron-3-ultra-free,2026-06-23T22:11:59.086899+00:00
s28,Tony Lynas-Gray,doi:10.1093/mnras/stab3267,ExoMol line lists - XLIV. IR and UV line list for silicon monoxide (SiO),"A new silicon monoxide (28Si16O) line list covering infrared, visible and ultraviolet regions called SiOUVenIR is presented. This line list extends the infrared EBJT ExoMol line list by including vibronic transitions to the A 1Π and E 1Σ+ electronic states. Strong perturbations to the A 1Π band system are accurately modelled through the treatment of 6 dark electronic states: C 1Σ−, D 1Δ, a 3Σ+, b 3Π, e 3Σ− and d 3Δ. Along with the X 1Σ+ ground state, these 9 electronic states were used to build a comprehensive spectroscopic model of SiO using a combination of empirical and ab initio curves, including the potential energy (PE), spin-orbit (SO), electronic angular momentum (EAM) and (transition) dipole moment curves. The ab initio PE and coupling curves, computed at the multireference configuration interaction (MRCI) level of theory, were refined by fitting their analytical representations to 2617 experimentally derived SiO energy levels determined from 97 vibronic bands belonging to the X–X, E–X and A–X electronic systems through the MARVEL procedure. 112 observed forbidden transitions from the C–X, D–X, e–X, and d–X bands were assigned using our predictions, and these could be fed back into the MARVEL procedure. The SiOUVenIR line list was computed using published ab initio transition dipole moments for the E–X and A–X bands; the line list is suitable for temperatures up to 10 000 K and for wavelengths longer than 140 nm. SiOUVenIR is available from www.exomol.com and the CDS database.",2021,,opencode_plaintext_search,"Yurchenko, SN; Tennyson, J; Syme, A-M; Adam, AY; Clark, VHJ; Cooper, B; Dobney, CP; Donnelly, STE; Gorman, MN; Lynas-Gray, AE; Meltzer, T; Owens, A; Qu, Q; Semenov, M; Somogyi, W; Upadhyay, A; Wright, S; Trujillo, JCZ",Monthly Notices of the Royal Astronomical Society,10.1093/mnras/stab3267,https://discovery.ucl.ac.uk/id/eprint/10138612/,ExoMol line lists - XLIV. IR and UV line list for silicon monoxide (SiO),online search result,latest:5,true,"Matched using the UCL name, department, role, email, and homepage supplied in the search prompt.",opencode/nemotron-3-ultra-free,2026-06-23T22:11:59.086899+00:00
s28,Tony Lynas-Gray,doi:10.1016/j.jqsrt.2020.107228,The 2020 release of the ExoMol database: Molecular line lists for exoplanet and other hot atmospheres,"The ExoMol database (www.exomol.com) provides molecular data for spectroscopic studies of hot atmospheres. While the data are intended for studies of exoplanets and other astronomical bodies, the dataset is widely applicable. The basic form of the database is extensive line lists; these are supplemented with partition functions, state lifetimes, cooling functions, Landé g-factors, temperature-dependent cross sections, opacities, pressure broadening parameters, k-coefficients and dipoles. This paper presents the latest release of the database which has been expanded to consider 80 molecules and 190 isotopologues totaling over 700 billion transitions. While the spectroscopic data are concentrated at infrared and visible wavelengths, ultraviolet transitions are being increasingly considered in response to requests from observers. The core of the database comes from the ExoMol project which primarily uses theoretical methods, albeit usually fine-tuned to reproduce laboratory spectra, to generate very extensive line lists for studies of hot bodies. The data have recently been supplemented by line lists derived from direct laboratory observations, albeit usually with the use of ab initio transition intensities. A major push in the new release is towards accurate characterisation of transition frequencies for use in high resolution studies of exoplanets and other bodies.",2020,,opencode_plaintext_search,"Tennyson, J; Yurchenko, SN; Al-Refaie, AF; Clark, VHJ; Chubb, KL; Conway, EK; Dewan, A; Gorman, MN; Hill, C; Lynas-Gray, AE; Mellor, T; McKemmish, LK; Owens, A; Polyansky, OL; Semenov, M; Somogyi, W; Tinetti, G; Upadhyay, A; Waldmann, I; Wang, Y; Wright, S; Yurchenko, OP",Journal of Quantitative Spectroscopy and Radiative Transfer,10.1016/j.jqsrt.2020.107228,https://discovery.ucl.ac.uk/id/eprint/10110750/,The 2020 release of the ExoMol database: Molecular line lists for exoplanet and other hot atmospheres,online search result,latest:5,true,"Matched using the UCL name, department, role, email, and homepage supplied in the search prompt.",opencode/nemotron-3-ultra-free,2026-06-23T22:11:59.086899+00:00
s28,Tony Lynas-Gray,doi:NOT AVAILABLE,Current State of Astrophysical Opacities: A White Paper,"Availability of reliable atomic and molecular opacity tables is essential in a wide variety of astronomical modeling: the solar and stellar interiors, stellar and planetary atmospheres, stellar evolution, pulsating stars, and protoplanetary disks, to name a few. With the advancement of powerful research techniques—such as helioseismology and asteroseismology, solar neutrino-flux measurements, exoplanet survey satellites, three-dimensional hydrodynamic atmospheric simulations (including non-LTE and granulation effects), high-performance computing of atomic and molecular data, and innovative plasma experiments—the accuracy and completeness of opacity tables is being taken to an unprecedented level. The goal of the second Workshop on Astrophysical Opacities was to gather opacity data producers and consumers from both the atomic and molecular sectors to contribute to solving outstanding problems and to develop more effective and integrated interfaces. In this review we attempt to summarize the discussion at the workshop and propose future directions for opacity research.",2018,,opencode_plaintext_search,"Lynas-Gray, AE; Basu, S; Bautista, MA; Colgan, J; Mendoza, C; Tennyson, J; Trampedach, R; Turck-Chieze, S","Workshop on Astrophysical Opacities (Proceedings), Astronomical Society of the Pacific",NOT AVAILABLE,https://discovery.ucl.ac.uk/id/eprint/10059705/,Current State of Astrophysical Opacities: A White Paper,online search result,latest:5,true,"Matched using the UCL name, department, role, email, and homepage supplied in the search prompt.",opencode/nemotron-3-ultra-free,2026-06-23T22:11:59.086899+00:00
s5,Mose Giordano,doi:10.48550/arXiv.2504.12087,Extrae.jl: Julia bindings for the Extrae HPC Profiler,"The Julia programming language has gained acceptance within the High-Performance Computing (HPC) community due to its ability to tackle two-language problem: Julia code feels as high-level as Python but allows developers to tune it to C-level performance. But to squeeze every drop of performance, Julia needs to integrate with advanced performance analysis tools, also known as profilers. In this work, we present Extrae.jl, a Julia package to interface with the Extrae profiler.",2025,,opencode_plaintext_search,"Sergio Sanchez-Ramirez, Mosè Giordano",arXiv preprint (submitted to JuliaCon 2024 proceedings),10.48550/arXiv.2504.12087,https://arxiv.org/abs/2504.12087,Extrae.jl: Julia bindings for the Extrae HPC Profiler,online search result,latest:5,true,"Matched using the UCL name, department, role, email, and homepage supplied in the search prompt.",opencode/nemotron-3-ultra-free,2026-06-23T23:07:46.398248+00:00
s5,Mose Giordano,doi:10.3847/1538-3881/acf5cc,"Octofitter: Fast, Flexible, and Accurate Orbit Modelling to Detect Exoplanets","As next-generation imaging instruments and interferometers search for planets closer to their stars, they must contend with increasing orbital motion and longer integration times. These compounding effects make it difficult to detect faint planets but also present an opportunity. Increased orbital motion makes it possible to move the search for planets into the orbital domain, where direct images can be freely combined with the radial velocity and proper motion anomaly, even without a confirmed detection in any single epoch. In this paper, we present a fast and differentiable multimethod orbit-modeling and planet detection code called Octofitter. This code is designed to be highly modular and allows users to easily adjust priors, change parameterizations, and specify arbitrary function relations between the parameters of one or more planets. Octofitter further supplies tools for examining model outputs including prior and posterior predictive checks and simulation-based calibration. We demonstrate the capabilities of Octofitter on real and simulated data from different instruments and methods, including HD 91312, simulated JWST/NIRISS aperture masking interferometry observations, radial velocity curves, and grids of images from the Gemini Planet Imager. We show that Octofitter can reliably recover faint planets in long sequences of images with arbitrary orbital motion. This publicly available tool will enable the broad application of multiepoch and multimethod exoplanet detection, which could improve how future targeted ground- and space-based surveys are performed. Finally, its rapid convergence makes it a useful addition to the existing ecosystem of tools for modeling the orbits of directly imaged planets.",2024,,opencode_plaintext_search,"William Thompson, Jensen Lawrence, Dori Blakely, Christian Marois, Jason Wang, Mosè Giordano, Timothy Brandt, Doug Johnstone, Jean-Baptiste Ruffio, S. Mark Ammons, Katie A. Crotts, Clarissa R. Do Ó, Eileen C. Gonzales, Malena Rice","The Astronomical Journal, Volume 166, Issue 4, id.164, 20 pp. 2024",10.3847/1538-3881/acf5cc,https://arxiv.org/abs/2402.01971,"Octofitter: Fast, Flexible, and Accurate Orbit Modelling to Detect Exoplanets",online search result,latest:5,true,"Matched using the UCL name, department, role, email, and homepage supplied in the search prompt.",opencode/nemotron-3-ultra-free,2026-06-23T23:07:46.398248+00:00
s5,Mose Giordano,doi:10.5194/gmd-17-2427-2024,ParticleDA.jl v.1.0: a distributed particle-filtering data assimilation package,"Digital twins of physical and human systems informed by real-time data are becoming ubiquitous across weather forecasting, disaster preparedness, and urban planning, but researchers lack the tools to run these models effectively and efficiently, limiting progress. One of the current challenges is to assimilate observations in highly non-linear dynamical systems, as the practical need is often to detect abrupt changes. We have developed a software platform to improve the use of real-time data in non-linear system representations where non-Gaussianity limits the applicability of data assimilation algorithms such as the ensemble Kalman filter and variational methods. Particle-filter-based data assimilation algorithms have been implemented within a user-friendly open-source software platform in Julia – ParticleDA.jl. To ensure the applicability of the developed platform in realistic scenarios, emphasis has been placed on numerical efficiency and scalability on high-performance computing systems. Furthermore, the platform has been developed to be forward-model agnostic, ensuring that it is applicable to a wide range of modelling settings, for instance unstructured and non-uniform meshes in the spatial domain or even state spaces that are not spatially organized. Applications to tsunami and numerical weather prediction demonstrate the computational benefits and ease of using the high-level Julia interface with the package to perform filtering in a variety of complex models.",2024,,opencode_plaintext_search,"Daniel Giles, Matthew M. Graham, Mosè Giordano, Tuomas Koskela, Alexandros Beskos, Serge Guillas","Geoscientific Model Development, Volume 17, Issue 6, pp. 2427–2445, 2024",10.5194/gmd-17-2427-2024,https://gmd.copernicus.org/articles/17/2427/2024/,ParticleDA.jl v.1.0: a distributed particle-filtering data assimilation package,online search result,latest:5,true,"Matched using the UCL name, department, role, email, and homepage supplied in the search prompt.",opencode/nemotron-3-ultra-free,2026-06-23T23:07:46.398248+00:00
s5,Mose Giordano,doi:10.1007/s41781-023-00104-x,Potential of the Julia Programming Language for High Energy Physics Computing,"Research in high energy physics (HEP) requires huge amounts of computing and storage, putting strong constraints on the code speed and resource usage. To meet these requirements, a compiled high-performance language is typically used; while for physicists, who focus on the application when developing the code, better research productivity pleads for a high-level programming language. A popular approach consists of combining Python, used for the high-level interface, and C++, used for the computing intensive part of the code. A more convenient and efficient approach would be to use a language that provides both high-level programming and high-performance. The Julia programming language, developed at MIT especially to allow the use of a single language in research activities, has followed this path. In this paper the applicability of using the Julia language for HEP research is explored, covering the different aspects that are important for HEP code development: runtime performance, handling of large projects, interface with legacy code, distributed computing, training, and ease of programming. The study shows that the HEP community would benefit from a large scale adoption of this programming language. The HEP-specific foundation libraries that would need to be consolidated are identified.",2023,,opencode_plaintext_search,"Jonas Eschle, Tamás Gál, Mosè Giordano, Philippe Gras, Benedikt Hegner, Lukas Heinrich, Uwe Hernandez Acosta, Stefan Kluth, Jerry Ling, Pere Mato, Mikhail Mikhasenko, Alexander Moreno Briceño, Jim Pivarski, Konstantinos Samaras-Tsakiris, Oliver Schulz, Graeme Andrew Stewart, Jan Strube, Vassil Vassilev, et al.","Computing and Software for Big Science, Volume 7, article 10, 2023",10.1007/s41781-023-00104-x,https://link.springer.com/article/10.1007/s41781-023-00104-x,Potential of the Julia Programming Language for High Energy Physics Computing,online search result,latest:5,true,"Matched using the UCL name, department, role, email, and homepage supplied in the search prompt.",opencode/nemotron-3-ultra-free,2026-06-23T23:07:46.398248+00:00
s5,Mose Giordano,doi:10.48550/arXiv.2211.02740,Bridging HPC Communities through the Julia Programming Language,"The Julia programming language has evolved into a modern alternative to fill existing gaps in scientific computing and data science applications. Julia leverages a unified and coordinated single-language and ecosystem paradigm and has a proven track record of achieving high performance without sacrificing user productivity. These aspects make Julia a viable alternative to high-performance computing's (HPC's) existing and increasingly costly many-body workflow composition strategy in which traditional HPC languages (e.g., Fortran, C, C++) are used for simulations, and higher-level languages (e.g., Python, R, MATLAB) are used for data analysis and interactive computing. Julia's rapid growth in language capabilities, package ecosystem, and community make it a promising universal language for HPC. This paper presents the views of a multidisciplinary group of researchers from academia, government, and industry that advocate for an HPC software development paradigm that emphasizes developer productivity, workflow portability, and low barriers for entry. We believe that the Julia programming language, its ecosystem, and its community provide modern and powerful capabilities that enable this group's objectives. Crucially, we believe that Julia can provide a feasible and less costly approach to programming scientific applications and workflows that target HPC facilities. In this work, we examine the current practice and role of Julia as a common, end-to-end programming model to address major challenges in scientific reproducibility, data-driven AI/machine learning, co-design and workflows, scalability and performance portability in heterogeneous computing, network communication, data management, and community education. As a result, the diversification of current investments to fulfill the needs of the upcoming decade is crucial as more supercomputing centers prepare for the exascale era.",2022,,opencode_plaintext_search,"Valentin Churavy, William F Godoy, Carsten Bauer, Hendrik Ranocha, Michael Schlottke-Lakemper, Ludovic Räss, Johannes Blaschke, Mosè Giordano, Erik Schnetter, Samuel Omlin, Jeffrey S. Vetter, Alan Edelman",arXiv preprint (cs.DC),10.48550/arXiv.2211.02740,https://arxiv.org/abs/2211.02740,Bridging HPC Communities through the Julia Programming Language,online search result,latest:5,true,"Matched using the UCL name, department, role, email, and homepage supplied in the search prompt.",opencode/nemotron-3-ultra-free,2026-06-23T23:07:46.398248+00:00
s14,Gabriel Facini,doi:10.48550/arXiv.2606.17631,"Better Queries, Cheaper Attention: Adapting Transformers for Efficient Sparse Reconstruction","Query-based transformer decoders are effective for object reconstruction from sparse scientific sensor measurements, but their scalability to high-multiplicity data is limited by fixed, input-independent query sets and costly decoder cross-attention. We introduce a geometry-aware dynamic-query decoder that couples input-conditioned query construction with structured sparse cross-attention. Decoder queries are initialised from selected encoder-level measurement representations that serve as candidate trajectory seeds, making both query content and query multiplicity input-dependent. Local Strided Cross-Attention (LSCA) exploits the induced geometric ordering by replacing learned mask-gated cross-attention with a geometry-defined local support that restricts attention to physically plausible query-hit interactions and exposes sparsity for block-sparse execution. We study this architecture for charged-particle trajectory reconstruction in a simplified High-Luminosity Large Hadron Collider detector, where thousands of trajectories must be reconstructed from tens of thousands of sparse measurements. In the nominal configuration, the dynamic-query (DQ) architecture increases trajectory reconstruction efficiency from 94.1% to 98.1% and reduces the fake rate by more than a factor of two relative to the fixed-query baseline. The DQ+LSCA model reduces end-to-end inference latency by nearly 50% and peak allocated inference memory by more than a factor of 10 relative to the fixed-query baseline.",2026,,opencode_plaintext_search,"Philippa Duckett, Samuel Van Stroud, Max Hart, Gabriel Facini, Tim Scanlon",arXiv preprint (hep-ex),10.48550/arXiv.2606.17631,https://arxiv.org/abs/2606.17631,"Better Queries, Cheaper Attention: Adapting Transformers for Efficient Sparse Reconstruction",online search result,latest:5,true,"Matched using the UCL name, department, role, email, and homepage supplied in the search prompt.",opencode/nemotron-3-ultra-free,2026-06-23T23:26:36.532590+00:00
s14,Gabriel Facini,doi:10.48550/arXiv.2508.20092,GLOW: A Unified Particle Flow Transformer,"We present GLOW, a transformer-based particle flow model that combines incidence matrix supervision from HGPflow with a MaskFormer architecture. Evaluated on CLIC detector simulations, GLOW achieves state-of-the-art performance and, together with prior work, demonstrates that a single unified transformer architecture can effectively address diverse reconstruction tasks in particle physics.",2025,,opencode_plaintext_search,"Dmitrii Kobylianskii, Samuel Van Stroud, Kwok Yiu Wong, Max Hart, Etienne Dreyer, Eilam Gross, Gabriel Facini, Tim Scanlon",arXiv preprint (hep-ex),10.48550/arXiv.2508.20092,https://arxiv.org/abs/2508.20092,GLOW: A Unified Particle Flow Transformer,online search result,latest:5,true,"Matched using the UCL name, department, role, email, and homepage supplied in the search prompt.",opencode/nemotron-3-ultra-free,2026-06-23T23:26:36.532590+00:00
s14,Gabriel Facini,doi:10.48550/arXiv.2411.07149,Transformers for Charged Particle Track Reconstruction in High Energy Physics,"Reconstructing charged particle tracks is a fundamental task in modern collider experiments. The unprecedented particle multiplicities expected at the High-Luminosity Large Hadron Collider (HL-LHC) pose significant challenges for track reconstruction, where traditional algorithms become computationally infeasible. To address this challenge, we present a novel learned approach to track reconstruction that adapts recent advances in computer vision and object detection. Our architecture combines a Transformer hit filtering network with a MaskFormer reconstruction model that jointly optimises hit assignments and the estimation of the charged particles' properties. Evaluated on the TrackML dataset, our best performing model achieves state-of-the-art tracking performance with 97% efficiency for a fake rate of 0.6%, and inference times of 100ms. Our tunable approach enables specialisation for specific applications like triggering systems, while its underlying principles can be extended to other reconstruction challenges in high energy physics. This work demonstrates the potential of modern deep learning architectures to address emerging computational challenges in particle physics while maintaining the precision required for groundbreaking physics analysis.",2024,,opencode_plaintext_search,"Samuel Van Stroud, Philippa Duckett, Max Hart, Nikita Pond, Sébastien Rettie, Gabriel Facini, Tim Scanlon","arXiv preprint (hep-ex); Phys. Rev. X 15, 041046 (2025)",10.48550/arXiv.2411.07149,https://arxiv.org/abs/2411.07149,Transformers for Charged Particle Track Reconstruction in High Energy Physics,online search result,latest:5,true,"Matched using the UCL name, department, role, email, and homepage supplied in the search prompt.",opencode/nemotron-3-ultra-free,2026-06-23T23:26:36.532590+00:00
s14,Gabriel Facini,doi:10.48550/arXiv.2312.12272,Secondary Vertex Reconstruction with MaskFormers,"In high-energy particle collisions, the reconstruction of secondary vertices from heavy-flavour hadron decays is crucial for identifying and studying jets initiated by $b$- or $c$-quarks. Traditional methods, while effective, require extensive manual optimisation and struggle to perform consistently across wide regions of phase space. Meanwhile, recent advancements in machine learning have improved performance but are unable to fully reconstruct multiple vertices. In this work we propose a novel approach to secondary vertex reconstruction based on recent advancements in object detection and computer vision. Our method directly predicts the presence and properties of an arbitrary number of vertices in a single model. This approach overcomes the limitations of existing techniques. Applied to simulated proton-proton collision events, our approach demonstrates significant improvements in vertex finding efficiency, achieving a 10% improvement over an existing state-of-the-art method. Moreover, it enables vertex fitting, providing accurate estimates of key vertex properties such as transverse momentum, radial flight distance, and angular displacement from the jet axis. When integrated into a flavour tagging pipeline, our method yields a 50% improvement in light-jet rejection and a 15% improvement in $c$-jet rejection at a $b$-jet selection efficiency of 70%. These results demonstrate the potential of adapting advanced object detection techniques for particle physics, and pave the way for more powerful and flexible reconstruction tools in high-energy physics experiments.",2023,,opencode_plaintext_search,"Samuel Van Stroud, Nikita Pond, Max Hart, Jackson Barr, Sébastien Rettie, Gabriel Facini, Tim Scanlon","arXiv preprint (hep-ex); EPJC Volume 84, article number 1020 (2024)",10.48550/arXiv.2312.12272,https://arxiv.org/abs/2312.12272,Secondary Vertex Reconstruction with MaskFormers,online search result,latest:5,true,"Matched using the UCL name, department, role, email, and homepage supplied in the search prompt.",opencode/nemotron-3-ultra-free,2026-06-23T23:26:36.532590+00:00
s14,Gabriel Facini,doi:10.48550/arXiv.2302.14096,A Dataset for Learning Graph Representations to Predict Customer Returns in Fashion Retail,"We present a novel dataset collected by ASOS (a major online fashion retailer) to address the challenge of predicting customer returns in a fashion retail ecosystem. With the release of this substantial dataset we hope to motivate further collaboration between research communities and the fashion industry. We first explore the structure of this dataset with a focus on the application of Graph Representation Learning in order to exploit the natural data structure and provide statistical insights into particular features within the data. In addition to this, we show examples of a return prediction classification task with a selection of baseline models (i.e. with no intermediate representation learning step) and a graph representation based model. We show that in a downstream return prediction classification task, an F1-score of 0.792 can be found using a Graph Neural Network (GNN), improving upon other models discussed in this work. Alongside this increased F1-score, we also present a lower cross-entropy loss by recasting the data into a graph structure, indicating more robust predictions from a GNN based solution. These results provide evidence that GNNs could provide more impactful and usable classifications than other baseline models on the presented dataset and with this motivation, we hope to encourage further research into graph-based approaches using the ASOS GraphReturns dataset.",2023,,opencode_plaintext_search,"Jamie McGowan, Elizabeth Guest, Ziyang Yan, Cong Zheng, Neha Patel, Mason Cusack, Charlie Donaldson, Sofie de Cnudde, Gabriel Facini, Fabon Dzogang","arXiv preprint (cs.LG); Lecture Notes in Electrical Engineering, vol 981. Springer, Cham. (2023)",10.48550/arXiv.2302.14096,https://arxiv.org/abs/2302.14096,A Dataset for Learning Graph Representations to Predict Customer Returns in Fashion Retail,online search result,latest:5,true,"Matched using the UCL name, department, role, email, and homepage supplied in the search prompt.",opencode/nemotron-3-ultra-free,2026-06-23T23:26:36.532590+00:00
s16,Mark Buitelaar,doi:SOURCE: https://arxiv.org/abs/2505.06040,Synthetic spin-orbit coupling in superconductor-semiconductor hybrid nanowires with micromagnet arrays,"Spin-orbit interaction accounts for the coupling of momentum and spin degrees of freedom of electrons and holes in semiconductor materials. In quantum information processing, it allows for electrical control of spin states and for the engineering of topologically protected Majorana zero modes. Although such functionalities were previously considered to be limited to semiconductor materials with strong intrinsic spin-orbit interactions only, recent theoretical work proposes using external rotating magnetic fields to engineer synthetic spin-orbit coupling. This would relax material constraints and open up new research directions for materials with low intrinsic spin-orbit interaction or augment existing spin-orbit interaction in materials in which this interaction is already strong. Here we demonstrate the feasibility of this approach and introduce rotating magnetic fields along an InAs/Al hybrid nanowire using permalloy micromagnet arrays which yields an estimated synthetic Rashba spin-orbit interaction coefficient of 0.022 eV nm. We use transport spectroscopy and the energy dependence of Andreev bound states in the nanowires as a probe of the magnetic field profiles of the micromagnets which are reconfigurably prepared in parallel or antiparallel magnetization configurations.",2025,,opencode_plaintext_search,"M. P. Hynes, D. Burke, K. Ganesh, A. Vekris, B. J. Villis, J. C. Gartside, T. Kanne, J. Nygård, K. Moors, W. R. Branford, M. R. Connolly, M. R. Buitelaar",arXiv preprint,SOURCE: https://arxiv.org/abs/2505.06040,https://arxiv.org/abs/2505.06040,Synthetic spin-orbit coupling in superconductor-semiconductor hybrid nanowires with micromagnet arrays,online search result,latest:5,true,"Matched using the UCL name, department, role, email, and homepage supplied in the search prompt.",opencode/nemotron-3-ultra-free,2026-06-23T23:31:24.228701+00:00
s16,Mark Buitelaar,doi:SOURCE: https://arxiv.org/abs/2007.03588,Quantum paraelectric varactors for radio-frequency measurements at mK temperatures,"Radio-frequency reflectometry allows for fast and sensitive electrical readout of charge and spin qubits hosted in quantum dot devices coupled to resonant circuits. Optimizing readout, however, requires frequency tuning of the resonators and impedance matching. This is difficult to achieve using conventional semiconductor or ferroelectric-based varactors in the detection circuit as their performance degrades significantly in the mK temperature range relevant for solid-state quantum devices. Here we explore a different type of material, strontium titanate, a quantum paraelectric with exceptionally large field-tunable permittivity at low temperatures. Using strontium titanate varactors we demonstrate perfect impedance matching and resonator frequency tuning at 6 mK and characterize the varactors at this temperature in terms of their capacitance tunability, dissipative losses and magnetic field sensitivity. We show that this allows us to optimize the radio-frequency readout signal-to-noise ratio of carbon nanotube quantum dot devices to achieve a charge sensitivity of 4.8 μe/Hz^1/2 and capacitance sensitivity of 0.04 aF/Hz^1/2.",2020,,opencode_plaintext_search,"P. Apostolidis, B. J. Villis, J. F. Chittock-Wood, A. Baumgartner, V. Vesterinen, S. Simbierowicz, J. Hassel, M. R. Buitelaar",arXiv preprint,SOURCE: https://arxiv.org/abs/2007.03588,https://arxiv.org/abs/2007.03588,Quantum paraelectric varactors for radio-frequency measurements at mK temperatures,online search result,latest:5,true,"Matched using the UCL name, department, role, email, and homepage supplied in the search prompt.",opencode/nemotron-3-ultra-free,2026-06-23T23:31:24.228701+00:00
s16,Mark Buitelaar,doi:10.1103/PhysRevApplied.7.054017,Microwave spectroscopy of a carbon nanotube charge qubit,"Carbon nanotube quantum dots allow accurate control of electron charge, spin and valley degrees of freedom in a material which is atomically perfect and can be grown isotopically pure. These properties underlie the unique potential of carbon nanotubes for quantum information processing, but developing nanotube charge, spin, or spin-valley qubits requires efficient readout techniques as well as understanding and extending quantum coherence in these devices. Here, we report on microwave spectroscopy of a carbon nanotube charge qubit in which quantum information is encoded in the spatial position of an electron. We combine radio-frequency reflectometry measurements of the quantum capacitance of the device with microwave manipulation to drive transitions between the qubit states. This approach simplifies charge-state readout and allows us to operate the device at an optimal point where the qubit is first-order insensitive to charge noise. From these measurements, we are able to quantify the degree of charge noise experienced by the qubit and obtain an inhomogeneous charge coherence of 5 ns. We use a chopped microwave signal whose duty-cycle period is varied to measure the decay of the qubit states, yielding a charge relaxation time of 48 ns.",2017,,opencode_plaintext_search,"Z. V. Penfold-Fitch, F. Sfigakis, M. R. Buitelaar",Physical Review Applied,10.1103/PhysRevApplied.7.054017,https://arxiv.org/abs/1706.01096,Microwave spectroscopy of a carbon nanotube charge qubit,online search result,latest:5,true,"Matched using the UCL name, department, role, email, and homepage supplied in the search prompt.",opencode/nemotron-3-ultra-free,2026-06-23T23:31:24.228701+00:00
s16,Mark Buitelaar,doi:SOURCE: https://arxiv.org/abs/1503.04777,Radio-frequency capacitance spectroscopy of metallic nanoparticles,"Recent years have seen great progress in our understanding of the electronic properties of nanomaterials in which at least one dimension measures less than 100 nm. However, contacting true nanometer scale materials such as individual molecules or nanoparticles remains a challenge as even state-of-the-art nanofabrication techniques such as electron-beam lithography have a resolution of a few nm at best. Here we present a fabrication and measurement technique that allows high sensitivity and high bandwidth readout of discrete quantum states of metallic nanoparticles which does not require nm resolution or precision. This is achieved by coupling the nanoparticles to resonant electrical circuits and measurement of the phase of a reflected radio-frequency signal. This requires only a single tunnel contact to the nanoparticles thus simplifying device fabrication and improving yield and reliability. The technique is demonstrated by measurements on 2.7 nm thiol coated gold nanoparticles which are shown to be in excellent quantitative agreement with theory.",2015,,opencode_plaintext_search,"J. C. Frake, S. Kano, C. Ciccarelli, J. Griffiths, M. Sakamoto, T. Teranishi, Y. Majima, C. G. Smith, M. R. Buitelaar",arXiv preprint,SOURCE: https://arxiv.org/abs/1503.04777,https://arxiv.org/abs/1503.04777,Radio-frequency capacitance spectroscopy of metallic nanoparticles,online search result,latest:5,true,"Matched using the UCL name, department, role, email, and homepage supplied in the search prompt.",opencode/nemotron-3-ultra-free,2026-06-23T23:31:24.228701+00:00
s16,Mark Buitelaar,doi:10.1103/PhysRevB.91.245418,Vortex detection and quantum transport in mesoscopic graphene Josephson junction arrays,"We investigate mesoscopic Josephson junction arrays created by patterning superconducting disks on monolayer graphene, concentrating on the high-T/T_c regime of these devices and the phenomena which contribute to the superconducting glass state in diffusive arrays. We observe features in the magnetoconductance at rational fractions of flux quanta per array unit cell, which we attribute to the formation of flux-quantized vortices. The applied fields at which the features occur are well described by Ginzburg-Landau simulations that take into account the number of unit cells in the array. We find that the mean conductance and universal conductance fluctuations are both enhanced below the critical temperature and field of the superconductor, with greater enhancement away from the graphene Dirac point.",2015,,opencode_plaintext_search,"C. L. Richardson, S. D. Edkins, G. R. Berdiyorov, C. J. Chua, J. P. Griffiths, G. A. C. Jones, M. R. Buitelaar, V. Narayan, F. Sfigakis, C. G. Smith, L. Covaci, M. R. Connolly",Physical Review B,10.1103/PhysRevB.91.245418,https://arxiv.org/abs/1404.0998,Vortex detection and quantum transport in mesoscopic graphene Josephson junction arrays,online search result,latest:5,true,"Matched using the UCL name, department, role, email, and homepage supplied in the search prompt.",opencode/nemotron-3-ultra-free,2026-06-23T23:31:24.228701+00:00
s21,Nora Yitong Qiu,doi:10.1215/00219118-12257597,Power and Identity in the Qing Empire: A Study of Manchu and Han Elite Material Culture Through Confiscation Inventories,,2026,,opencode_plaintext_search,"Qiu, Yitong","Journal of Asian Studies 85, no. 2 (May 2026): 338–357",10.1215/00219118-12257597,https://www.norayitongqiu.com/,Power and Identity in the Qing Empire: A Study of Manchu and Han Elite Material Culture Through Confiscation Inventories,online search result,latest:5,true,"Matched using the UCL name, department, role, email, and homepage supplied in the search prompt.",opencode/nemotron-3-ultra-free,2026-06-23T23:35:54.826407+00:00
s21,Nora Yitong Qiu,doi:NOT AVAILABLE,"Dress, Power, and Identity in the Qing Empire: An Investigation of Dress Ownership Found in the Confiscation Inventories",,2025,,opencode_plaintext_search,"Qiu, Yitong",Central Asiatic Journal (Accepted),NOT AVAILABLE,https://www.norayitongqiu.com/,"Dress, Power, and Identity in the Qing Empire: An Investigation of Dress Ownership Found in the Confiscation Inventories",online search result,latest:5,true,"Matched using the UCL name, department, role, email, and homepage supplied in the search prompt.",opencode/nemotron-3-ultra-free,2026-06-23T23:35:54.826407+00:00
s21,Nora Yitong Qiu,doi:NOT AVAILABLE,Disciplining the State: Confiscation and Strategic Governance in Late Imperial Qing China,,2025,,opencode_plaintext_search,"Qiu, Yitong, and Tang, Xiaoyun",Past and Present (Accepted with Revision),NOT AVAILABLE,https://www.norayitongqiu.com/,Disciplining the State: Confiscation and Strategic Governance in Late Imperial Qing China,online search result,latest:5,true,"Matched using the UCL name, department, role, email, and homepage supplied in the search prompt.",opencode/nemotron-3-ultra-free,2026-06-23T23:35:54.826407+00:00
s21,Nora Yitong Qiu,doi:NOT AVAILABLE,"Modernizing the Empire: Banking and Currency Reforms in Late Qing China, 1850–1912",,2025,,opencode_plaintext_search,"Qiu, Yitong",Journal of Chinese History (Accepted with Revision),NOT AVAILABLE,https://www.norayitongqiu.com/,"Modernizing the Empire: Banking and Currency Reforms in Late Qing China, 1850–1912",online search result,latest:5,true,"Matched using the UCL name, department, role, email, and homepage supplied in the search prompt.",opencode/nemotron-3-ultra-free,2026-06-23T23:35:54.826407+00:00
s21,Nora Yitong Qiu,doi:NOT AVAILABLE,China in Times of Change: Household Accounts of Shandong Qingdao Stage Manager 1955–2001,,2025,,opencode_plaintext_search,"Qiu, Yitong, with Bas Van Leeuwen",China Quarterly (Revise & Resubmit),NOT AVAILABLE,https://www.norayitongqiu.com/,China in Times of Change: Household Accounts of Shandong Qingdao Stage Manager 1955–2001,online search result,latest:5,true,"Matched using the UCL name, department, role, email, and homepage supplied in the search prompt.",opencode/nemotron-3-ultra-free,2026-06-23T23:35:54.826407+00:00
s30,Federico Galvanin,doi:10.1016/j.ijmultiphaseflow.2024.104936,Machine learning and physics-driven modelling and simulation of multiphase systems,"We highlight the work of a multi-university collaborative programme, PREMIERE (PREdictive Modelling with QuantIfication of UncERtainty for MultiphasE Systems), which is at the intersection of multi-physics and machine learning, aiming to enhance predictive capabilities in complex multiphase flow systems across diverse length and time scales. Our contributions encompass a variety of approaches, including the Design of Experiments for nanoparticle synthesis optimisation, Generalised Latent Assimilation models for drop coalescence prediction, Bayesian regularised artificial neural networks, eXtreme Gradient Boosting for microdroplet formation prediction, and a sub-sampling based adversarial neural network for predicting slug flow behaviour in two-phase pipe flows. Additionally, we introduce a generalised latent assimilation technique, Long Short-Term Memory networks for sequence forecasting mixing performance in stirred and static mixers, active learning via Bayesian optimisation to recover coalescence model parameters for high current density electrolysers, Gaussian process regression for drop size distribution predictions for sprays, and acoustic emission signal inversion using gradient boosting machines to characterise particle size distribution in fluidised beds. We also offer perspectives on the development of a shape optimisation framework that leverages the use of a multi-fidelity multiphase emulator. The results presented have applications in chemical synthesis, microfluidics, product manufacturing, and green hydrogen generation.",2024,https://scholar.google.com/citations?user=ZvXSVFAAAAAJ&hl=en&oi=ao,opencode_plaintext_search,"Nausheen Basha, Rossella Arcucci, Panagiota Angeli, Charitos Anastasiou, Thomas Abadie, César Quilodrán Casas, Jianhua Chen, Sibo Cheng, Loïc Chagot, Federico Galvanin, Claire E. Heaney, Fria Hossein, Jinwei Hu, Nina Kovalchuk, Maria Kalli, Lyes Kahouadji, Morgan Kerhouant, Alessio Lavino, Fuyue Liang, Konstantia Nathanael, Luca Magri, Paola Lettieri, Massimiliano Materazzi, Matteo Erigo, Paula Pico, Christopher C. Pain, Mosayeb Shams, Mark Simmons, Tullio Traverso, Juan Pablo Valdes, Zef Wolffs, Kewei Zhu, Yilin Zhuang, Omar K Matar",International Journal of Multiphase Flow,10.1016/j.ijmultiphaseflow.2024.104936,https://doi.org/10.1016/j.ijmultiphaseflow.2024.104936,Machine learning and physics-driven modelling and simulation of multiphase systems,online search result,latest:5,true,"Matched using the UCL name, department, role, email, and homepage supplied in the search prompt.",opencode/nemotron-3-ultra-free,2026-06-23T23:41:16.541850+00:00
s30,Federico Galvanin,doi:10.1016/j.ces.2023.119660,Optimal design of infusion tests for the identification of physiological models of acquired von Willebrand syndrome,"Acquired von Willebrand syndrome (AVWS) is a bleeding disorder resembling inherited Von Willebrand disease (VWD) characterised by a qualitative and/or quantitative deficiency of von Willebrand factor (VWF) that occurs in patients with no personal or family history of bleeding as a result of underlying pathological conditions. To treat AVWS patients, desmopressin (DDAVP) and plasma-derived VWF concentrates are the primary therapies for spontaneous acute bleeding episodes and for preventing bleeding during invasive or surgical procedures. Pharmacokinetic (PK) models have been recently developed and applied to characterize VWD and AVWS, but these models cannot be calibrated from infusion tests data, and their calibration requires stressful 24-hours long tests to be carried out on subjects to achieve a satisfactory estimation of the individual haemostatic parameters. The objectives of this paper are: i) to present a new physiological model of VWD including exogenous infusion of plasma-derived VWF concentrates, suitable to describe AVWS; ii) to validate the newly proposed model from clinical data; iii) to quantify the information that can be obtained from clinical tests using different VWF concentrates by applying model-based design of experiments (MBDoE) techniques. Results show that the newly developed model calibrated from infusion data allows to estimate precisely the full set of haemostatic parameters for a subject affected by AVWS preserving the same level of information obtained from conventional tests.",2024,https://scholar.google.com/citations?user=ZvXSVFAAAAAJ&hl=en&oi=ao,opencode_plaintext_search,"F. Galvanin, E. Galletta, A. Bertomoro, V. Daidone, A. Casonato",Chemical Engineering Science,10.1016/j.ces.2023.119660,https://doi.org/10.1016/j.ces.2023.119660,Optimal design of infusion tests for the identification of physiological models of acquired von Willebrand syndrome,online search result,latest:5,true,"Matched using the UCL name, department, role, email, and homepage supplied in the search prompt.",opencode/nemotron-3-ultra-free,2026-06-23T23:41:16.541850+00:00
s30,Federico Galvanin,doi:10.1016/j.jprocont.2022.01.003,Chance constrained policy optimization for process control and optimization,"Chemical process optimization and control are affected by 1) plant-model mismatch, 2) process disturbances, and 3) constraints for safe operation. Reinforcement learning by policy optimization would be a natural way to solve this due to its ability to address stochasticity, plant-model mismatch, and directly account for the effect of future uncertainty and its feedback in a proper closed-loop manner; all without the need of an inner optimization loop. One of the main reasons why reinforcement learning has not been considered for industrial processes (or almost any engineering application) is that it lacks a framework to deal with safety critical constraints. Present algorithms for policy optimization use difficult-to-tune penalty parameters, fail to reliably satisfy state constraints or present guarantees only in expectation. We propose a chance constrained policy optimization (CCPO) algorithm which guarantees the satisfaction of joint chance constraints with a high probability - which is crucial for safety critical tasks. This is achieved by the introduction of constraint tightening (backoffs), which are computed simultaneously with the feedback policy. Backoffs are adjusted with Bayesian optimization using the empirical cumulative distribution function of the probabilistic constraints, and are therefore self-tuned. This results in a general methodology that can be imbued into present policy optimization algorithms to enable them to satisfy joint chance constraints with high probability. We present case studies that analyze the performance of the proposed approach.",2022,https://scholar.google.com/citations?user=ZvXSVFAAAAAJ&hl=en&oi=ao,opencode_plaintext_search,"Panagiotis Petsagkourakis, Ilya Orson Sandoval, Eric Bradford, Federico Galvanin, Dongda Zhang, Ehecatl Antonio del Rio-Chanona",Journal of Process Control,10.1016/j.jprocont.2022.01.003,https://doi.org/10.1016/j.jprocont.2022.01.003,Chance constrained policy optimization for process control and optimization,online search result,latest:5,true,"Matched using the UCL name, department, role, email, and homepage supplied in the search prompt.",opencode/nemotron-3-ultra-free,2026-06-23T23:41:16.541850+00:00
s30,Federico Galvanin,doi:10.1016/j.compchemeng.2020.106759,An artificial neural network approach to recognise kinetic models from experimental data,"The quantitative description of the dynamic behaviour of reacting systems requires the identification of an appropriate set of kinetic model equations. The selection of the correct model may pose substantial challenges as there may be a large number of candidate kinetic model structures. In this work, a model selection approach is presented where an Artificial Neural Network classifier is trained for recognising appropriate kinetic model structures given the available experimental evidence. The method does not require the fitting of kinetic parameters and it is well suited when there is a high number of candidate kinetic mechanisms. The approach is demonstrated on a simulated case study on the selection of a kinetic model for describing the dynamics of a three-component reacting system in a batch reactor. The sensitivity of the approach to a change in the experimental design and to a change in the system noise is assessed.",2020,https://scholar.google.com/citations?user=ZvXSVFAAAAAJ&hl=en&oi=ao,opencode_plaintext_search,"Marco Quaglio, Louise Roberts, Mohd Safarizal Bin Jaapar, Eric S. Fraga, Vivek Dua, Federico Galvanin",Computers & Chemical Engineering,10.1016/j.compchemeng.2020.106759,https://doi.org/10.1016/j.compchemeng.2020.106759,An artificial neural network approach to recognise kinetic models from experimental data,online search result,latest:5,true,"Matched using the UCL name, department, role, email, and homepage supplied in the search prompt.",opencode/nemotron-3-ultra-free,2026-06-23T23:41:16.541850+00:00
s30,Federico Galvanin,doi:10.1039/C9RE00342H,Model-based design of transient flow experiments for the identification of kinetic parameters,"With recent advances in automated flow reactors and online analysis techniques, transient flow experiments are attracting significant interest as methods for rapidly gathering kinetic data. However, the design of these experiments is challenging and non-intuitive. This work addresses this challenge by using model-based design of experiments (MBDoE) to design optimum transient experiments for the purpose of identifying kinetic parameters with maximum precision. Using the case study of benzoic acid and ethanol esterification with sulfuric acid as the catalyst, the flowrate and temperature of a plug flow reactor were linearly ramped in time to create transient flow experiments. Two types of experiments were conducted, one where only flowrate was ramped while all other variables were held constant, and one where flowrate and temperature were ramped simultaneously. In both cases, model-based design of experiments (MBDoE) methods were used to design the transient experiments in order to choose the initial value and ramp rate of all ramped process variables, as well as choosing the fixed value of process variables that were not being ramped (feed concentration). The model-based designed experiments were compared against equivalent experiments designed by researcher intuition and standard design of experiments approaches, such as trying to cover a wide area of the design space. It is shown that MBDoE led to significantly more precise parameter estimates, and that the identified model was then able to predict with high accuracy the outlet concentration of other experiments.",2020,https://scholar.google.com/citations?user=ZvXSVFAAAAAJ&hl=en&oi=ao,opencode_plaintext_search,"Conor Waldron, Arun Pankajakshan, Marco Quaglio, Enhong Cao, Federico Galvanin, Asterios Gavriilidis",Reaction Chemistry & Engineering,10.1039/C9RE00342H,https://doi.org/10.1039/C9RE00342H,Model-based design of transient flow experiments for the identification of kinetic parameters,online search result,latest:5,true,"Matched using the UCL name, department, role, email, and homepage supplied in the search prompt.",opencode/nemotron-3-ultra-free,2026-06-23T23:41:16.541850+00:00
s13,Anthony Lynas-Gray,doi:10.48550/arXiv.2603.05365,Detection of C3 in Titan with VLT-ESPRESSO,"Titan is regarded as a Solar System natural laboratory for studying atmospheric photochemistry and abiotic production of organic molecules on cold small exoplanets. Since the Cassini-Huygens mission ended, telescope observations enabled new detections of increasingly complex carbon-based molecules at infrared and sub-mm wavelengths, while the optical regime has been largely overlooked. Following a recent tentative detection of the 4050Å absorption band of C3 in Titan – a photochemical precursor to aromatic chemistry – in archived optical VLT-UVES spectra (R ≈ 60 000), this work presents a 8σ detection of the C3 4050Å absorption band in Titan from dedicated ultra-high-resolution VLT-ESPRESSO observations of Titan (R ≈ 190 000, highest spectral resolution observations of Titan in optical wavelengths ever). VLT-ESPRESSO spectrum is compared to a model spectrum of Titan, for varying C3 abundances; a χ² curve is drawn to assess the agreement of non-solar spectral features with C3 absorption when varying C3 abundance; and a Bayesian Monte-Carlo-Markov-Chain (MCMC) fit between model and observed spectra is performed. χ² curve analysis yields an 8σ C3 detection, consistent with a C3 column density of N=1.5×10¹³ cm⁻², whereas the MCMC fit retrieved a C3 column density on Titan's atmosphere of N=(1.47±0.30)×10¹³ cm⁻² at 5σ, the same order of magnitude of predicted C3 abundances by photochemical models, reaching ppm levels on Titan's mesosphere. This work showcases the usefulness of instruments and techniques originally dedicated to exoplanet research when applied to solar system targets and science cases.",2026,,opencode_plaintext_search,"R. Rianço-Silva, P. Machado, P. Rannou, J. Martins, A.E. Lynas-Gray, G. Tinetti",arXiv preprint (astro-ph.EP),10.48550/arXiv.2603.05365,https://arxiv.org/abs/2603.05365,Detection of C3 in Titan with VLT-ESPRESSO,online search result,latest:5,true,"Matched using the UCL name, department, role, email, and homepage supplied in the search prompt.",opencode/nemotron-3-ultra-free,2026-06-23T23:51:48.940991+00:00
s13,Anthony Lynas-Gray,doi:10.1016/j.jqsrt.2024.109083,The 2024 release of the ExoMol database: Molecular line lists for exoplanet and other hot atmospheres,"The ExoMol database (www.exomol.com) provides molecular data for spectroscopic studies of hot atmospheres. These data are widely used to model atmospheres of exoplanets, cool stars and other astronomical objects, as well as a variety of terrestrial applications. The 2024 data release reports the current status of the database which contains recommended line lists for 91 molecules and 224 isotopologues giving a total of almost 10¹² individual transitions. New features of the database include extensive “MARVELization” of line lists to allow them to be used for high resolutions studies, extension of several line lists to ultraviolet wavelengths, provision of photodissociation cross-sections and extended provision of broadening parameters. Some of the in-house data specifications have been rewritten in JSON and moved for conformity with other international standards. Data products, including specific heats, a database of lifetimes for plasma studies, and the ExoMolHR web app which allows exclusively high resolution data to be extracted, are discussed.",2024,,opencode_plaintext_search,"Jonathan Tennyson, Sergei N. Yurchenko, Jingxin Zhang, Charles A. Bowesman, Ryan P. Brady, Jeanna Buldyreva, Katy L. Chubb, Robert R. Gamache, Maire N. Gorman, Elizabeth R. Guest, Christian Hill, Kyriaki Kefala, A.E. Lynas-Gray, Thomas M. Mellor, Laura K. McKemmish, Georgi B. Mitev, Irina I. Mizus, Alec Owens, Zhijian Peng, Armando N. Perri, Marco Pezzella, Oleg L. Polyansky, Qianwei Qu, Mikhail Semenov, Oleksiy Smola, Andrei Solokov, Wilfrid Somogyi, Apoorva Upadhyay, Samuel O.M. Wright, Nikolai F. Zobov",Journal of Quantitative Spectroscopy and Radiative Transfer,10.1016/j.jqsrt.2024.109083,https://discovery.ucl.ac.uk/id/eprint/10197197,The 2024 release of the ExoMol database: Molecular line lists for exoplanet and other hot atmospheres,online search result,latest:5,true,"Matched using the UCL name, department, role, email, and homepage supplied in the search prompt.",opencode/nemotron-3-ultra-free,2026-06-23T23:51:48.940991+00:00
s13,Anthony Lynas-Gray,doi:10.1093/mnras/stae2425,ExoMol Line Lists – LXII: Ro-Vibrational Energy Levels and Line-Strengths for the Propadienediylidene (C₃) in its Ground Electronic State,"Improved opacities are needed for modelling the atmospheres and evolution of cool carbon-rich stars and extra-solar planets; in particular, contributions made by the astrophysically important propadienediylidene (C₃) molecule need, at a minimum, to be determined using a line list which includes all significant transitions in the energy range of interest. We report variational calculations giving ro-vibrational energy levels and corresponding line-strengths for ¹²C₃, ¹²C¹³C¹²C and ¹²C¹²C¹³C. In the ¹²C₃ case we obtain 2 166 503 ro-vibrational state energies ≤ 20000 cm⁻¹ for the electronic X̃¹Σg⁺ ground-state. Comparison with experiment indicates a maximum error of ± 0.03 cm⁻¹ in calculated positions of lines involving an upper state energy ≲ 4000 cm⁻¹. For lines with upper state energies ≳ 4000 cm⁻¹ to have comparable line-position accuracies, conical intersections would need to be accounted for in an adopted potential energy surface. Line lists and associated opacities are provided in the ExoMol Database (http://www.exomol.com).",2024,,opencode_plaintext_search,"A.E. Lynas-Gray, O.L. Polyansky, J. Tennyson, S.N. Yurchenko, N.F. Zobov",Monthly Notices of the Royal Astronomical Society,10.1093/mnras/stae2425,https://arxiv.org/abs/2410.18250,ExoMol Line Lists – LXII: Ro-Vibrational Energy Levels and Line-Strengths for the Propadienediylidene (C₃) in its Ground Electronic State,online search result,latest:5,true,"Matched using the UCL name, department, role, email, and homepage supplied in the search prompt.",opencode/nemotron-3-ultra-free,2026-06-23T23:51:48.940991+00:00
s13,Anthony Lynas-Gray,doi:10.3390/atoms10020036,Hannelore Emmi Saraph (1936–2020): Her Life in Atomic Physics,"Hannelore Emmi Saraph was an atomic physicist based at University College London. During the early part of her career, Hannelore's work was devoted to the study of electron collisions with atoms and ions. Later on, Hannelore made contributions to the Opacity Project and Iron Project.",2022,,opencode_plaintext_search,"Gillian Peach, Anthony Eugene Lynas-Gray, Claudio Mendoza, Kenneth T. Taylor, Jonathan Tennyson",Atoms,10.3390/atoms10020036,https://discovery.ucl.ac.uk/id/eprint/10146957,Hannelore Emmi Saraph (1936–2020): Her Life in Atomic Physics,online search result,latest:5,true,"Matched using the UCL name, department, role, email, and homepage supplied in the search prompt.",opencode/nemotron-3-ultra-free,2026-06-23T23:51:48.940991+00:00
s13,Anthony Lynas-Gray,doi:10.1016/j.jqsrt.2020.107228,The 2020 release of the ExoMol database: Molecular line lists for exoplanet and other hot atmospheres,"The ExoMol database (www.exomol.com) provides molecular data for spectroscopic studies of hot atmospheres. While the data are intended for studies of exoplanets and other astronomical bodies, the dataset is widely applicable. The basic form of the database is extensive line lists; these are supplemented with partition functions, state lifetimes, cooling functions, Landé g-factors, temperature-dependent cross sections, opacities, pressure broadening parameters, k-coefficients and dipoles. This paper presents the latest release of the database which has been expanded to consider 80 molecules and 190 isotopologues totaling over 700 billion transitions. While the spectroscopic data are concentrated at infrared and visible wavelengths, ultraviolet transitions are being increasingly considered in response to requests from observers. The core of the database comes from the ExoMol project which primarily uses theoretical methods, albeit usually fine-tuned to reproduce laboratory spectra, to generate very extensive line lists for studies of hot bodies. The data have recently been supplemented by line lists derived from direct laboratory observations, albeit usually with the use of ab initio transition intensities. A major push in the new release is towards accurate characterisation of transition frequencies for use in high resolution studies of exoplanets and other bodies.",2020,,opencode_plaintext_search,"Jonathan Tennyson, Sergei N. Yurchenko, Ahmed F. Al-Refaie, Victoria H.J. Clark, Katy L. Chubb, Eamon K. Conway, Anu Dewan, Maire N. Gorman, Christian Hill, A.E. Lynas-Gray, Thomas Mellor, Laura K. McKemmish, Alec Owens, Oleg L. Polyansky, Mikhail Semenov, Wilfrid Somogyi, Giovanna Tinetti, Apoorva Upadhyay, Ingo Waldmann, Yixin Wang, Samuel Wright, Olga P. Yurchenko",Journal of Quantitative Spectroscopy and Radiative Transfer,10.1016/j.jqsrt.2020.107228,https://discovery.ucl.ac.uk/id/eprint/10110750,The 2020 release of the ExoMol database: Molecular line lists for exoplanet and other hot atmospheres,online search result,latest:5,true,"Matched using the UCL name, department, role, email, and homepage supplied in the search prompt.",opencode/nemotron-3-ultra-free,2026-06-23T23:51:48.940991+00:00
